index,time,content,type,sessionID,createdAt
0,15:03:10,start a new session,start,f0a34372-330f-43ce-8d1e-88527e3b7496,08-19-15-03-10
1,15:11:10,我的机器人个性化服务定制需求：我想让机器人在我说“带我参观一下”之后，机器人向客人询问“请问想先参观什么，我计划带你参观作品展示区以及创作室”，根据客人的回答决定前往顺序，如果用户说”随意“，就先参观作品展示区，然后去创作室。当机器人带领客人参观作品展示区时，向客人介绍展示区的双臂机器人，强调机器人的手臂可以上下移动，并可以360度旋转身体。当参观创作室时，向客人介绍说公司目前在这里研发虚实结合的机器人测试品牌，这个平台可以满足不同家具场景下的模拟测试，等等内容。两个地点参观完成之后，向客人说“今天的参观到这里就结束了，欢迎下次再来哦，我先回去充电了”，然后机器人返回充电桩,authoringNEW-start,f0a34372-330f-43ce-8d1e-88527e3b7496,08-19-15-03-10
2,15:11:19,"<require>
1. 当我说“带我参观一下”时，机器人向客人询问“请问想先参观什么，我计划带你参观作品展示区以及创作室”，根据客人的回答决定前往顺序，如果用户说”随意“，就先参观作品展示区，然后去创作室。
2. 当机器人带领客人参观作品展示区时，向客人介绍展示区的双臂机器人，强调机器人的手臂可以上下移动，并可以360度旋转身体。
3. 当参观创作室时，向客人介绍说公司目前在这里研发虚实结合的机器人测试品牌，这个平台可以满足不同家具场景下的模拟测试，等等内容。
4. 两个地点参观完成之后，向客人说“今天的参观到这里就结束了，欢迎下次再来哦，我先回去充电了”。
</require>",authoring-finished,f0a34372-330f-43ce-8d1e-88527e3b7496,08-19-15-03-10
3,15:11:41,我的机器人个性化服务定制需求：我想让机器人在我说“带我参观一下”之后，机器人向客人询问“请问想先参观什么，我计划带你参观作品展示区以及创作室”，根据客人的回答决定前往顺序，如果用户说”随意“，就先参观作品展示区，然后去创作室。当机器人带领客人参观作品展示区时，向客人介绍展示区的双臂机器人，强调机器人的手臂可以上下移动，并可以360度旋转身体。当参观创作室时，向客人介绍说公司目前在这里研发虚实结合的机器人测试品牌，这个平台可以满足不同家具场景下的模拟测试，等等内容。两个地点参观完成之后，向客人说“今天的参观到这里就结束了，欢迎下次再来哦，我先回去充电了”，然后机器人返回充电桩,authoringNEW-start,f0a34372-330f-43ce-8d1e-88527e3b7496,08-19-15-03-10
4,15:11:44,<end>完成</end>,authoring-finished,f0a34372-330f-43ce-8d1e-88527e3b7496,08-19-15-03-10
5,15:11:44,"
        实现一个的服务，该服务需要满足以下需求：
1. 当我说“带我参观一下”时，机器人向客人询问“请问想先参观什么，我计划带你参观作品展示区以及创作室”，根据客人的回答决定前往顺序，如果用户说”随意“，就先参观作品展示区，然后去创作室。
2. 当机器人带领客人参观作品展示区时，向客人介绍展示区的双臂机器人，强调机器人的手臂可以上下移动，并可以360度旋转身体。
3. 当参观创作室时，向客人介绍说公司目前在这里研发虚实结合的机器人测试品牌，这个平台可以满足不同家具场景下的模拟测试，等等内容。
4. 两个地点参观完成之后，向客人说“今天的参观到这里就结束了，欢迎下次再来哦，我先回去充电了”。

        ",nl2js-start,f0a34372-330f-43ce-8d1e-88527e3b7496,08-19-15-03-10
6,15:11:55,"
  await robot.userRequest('带我参观一下');
  const answer = await robot.ask('请问想先参观什么？我计划带你参观作品展示区以及创作室');
  
  if(answer == '随意'){
      await robot.goto('作品展示区');
      await robot.speak('这里是作品展示区，我们有一台双臂机器人，它的手臂可以上下移动，并且可以360度旋转身体。');
  
      await robot.goto('创作室');
      await robot.speak('这里是创作室，我们公司目前在这里研发虚实结合的机器人测试品牌，这个平台可以满足不同家具场景下的模拟测试等等内容。');
  
  }else if(answer == '作品展示区'){
      await robot.goto('作品展示区');
      await robot.speak('这里是作品展示区，我们有一台双臂机器人，它的手臂可以上下移动，并且可以360度旋转身体。');
  
  }else if(answer == '创作室'){
      await robot.goto('创作室');
      await robot.speak('这里是创作室，我们公司目前在这里研发虚实结合的机器人测试品牌，这个平台可以满足不同家具场景下的模拟测试等等内容。');
  }
  
  await robot.speak('今天的参观到这里就结束了，欢迎下次再来哦，我先回去充电了。');",nl2js-finished,f0a34372-330f-43ce-8d1e-88527e3b7496,08-19-15-03-10
7,15:11:55,"
  await robot.userRequest('带我参观一下');
  const answer = await robot.ask('请问想先参观什么？我计划带你参观作品展示区以及创作室');
  
  if(answer == '随意'){
      await robot.goto('作品展示区');
      await robot.speak('这里是作品展示区，我们有一台双臂机器人，它的手臂可以上下移动，并且可以360度旋转身体。');
  
      await robot.goto('创作室');
      await robot.speak('这里是创作室，我们公司目前在这里研发虚实结合的机器人测试品牌，这个平台可以满足不同家具场景下的模拟测试等等内容。');
  
  }else if(answer == '作品展示区'){
      await robot.goto('作品展示区');
      await robot.speak('这里是作品展示区，我们有一台双臂机器人，它的手臂可以上下移动，并且可以360度旋转身体。');
  
  }else if(answer == '创作室'){
      await robot.goto('创作室');
      await robot.speak('这里是创作室，我们公司目前在这里研发虚实结合的机器人测试品牌，这个平台可以满足不同家具场景下的模拟测试等等内容。');
  }
  
  await robot.speak('今天的参观到这里就结束了，欢迎下次再来哦，我先回去充电了。');",js2NLexplain-start,f0a34372-330f-43ce-8d1e-88527e3b7496,08-19-15-03-10
8,15:12:01,"服务启动关键词：带我参观一下
服务流程：
1. 机器人接收到用户要参观的请求。
2. 机器人会问用户想先参观什么，同时告诉用户计划带他参观作品展示区和创作室。
3. 得到用户的回答后，机器人会根据回答进行相应的操作。
   - 如果用户回答是""随意""，机器人会先去作品展示区，然后告诉用户作品展示区的介绍，接着去创作室，然后告诉用户创作室的介绍。
   - 如果用户回答是""作品展示区""，机器人会直接去作品展示区，然后告诉用户作品展示区的介绍。
   - 如果用户回答是""创作室""，机器人会直接去创作室，然后告诉用户创作室的介绍。
4. 无论用户回答什么，机器人都会告诉用户参观结束了，并欢迎下次再来。然后，机器人会回去充电。
",js2NLexplain-finished,f0a34372-330f-43ce-8d1e-88527e3b7496,08-19-15-03-10
9,15:12:02,"
  await robot.userRequest('带我参观一下');
  const answer = await robot.ask('请问想先参观什么？我计划带你参观作品展示区以及创作室');
  
  if(answer == '随意'){
      await robot.goto('作品展示区');
      await robot.speak('这里是作品展示区，我们有一台双臂机器人，它的手臂可以上下移动，并且可以360度旋转身体。');
  
      await robot.goto('创作室');
      await robot.speak('这里是创作室，我们公司目前在这里研发虚实结合的机器人测试品牌，这个平台可以满足不同家具场景下的模拟测试等等内容。');
  
  }else if(answer == '作品展示区'){
      await robot.goto('作品展示区');
      await robot.speak('这里是作品展示区，我们有一台双臂机器人，它的手臂可以上下移动，并且可以360度旋转身体。');
  
  }else if(answer == '创作室'){
      await robot.goto('创作室');
      await robot.speak('这里是创作室，我们公司目前在这里研发虚实结合的机器人测试品牌，这个平台可以满足不同家具场景下的模拟测试等等内容。');
  }
  
  await robot.speak('今天的参观到这里就结束了，欢迎下次再来哦，我先回去充电了。');",js2flow-start,f0a34372-330f-43ce-8d1e-88527e3b7496,08-19-15-03-10
10,15:12:31,"
graph TB
r_01([""userRequest:带我参观一下""])
a_01[""ask:询问用户想先参观什么地方;用户回复_1""]
c_01{""condition: 用户回复为'随意';用户回复_1""}
g_01[""goto:作品展示区""]
s_01[""speak:介绍作品展示区""]
g_02[""goto:创作室""]
s_02[""speak:介绍创作室""]
c_02{""condition: 用户回复为'作品展示区';用户回复_1""}
g_03[""goto:作品展示区""]
s_03[""speak:介绍作品展示区""]
c_03{""condition: 用户回复为'创作室';用户回复_1""}
g_04[""goto:创作室""]
s_04[""speak:介绍创作室""]
s_05[""speak:结束参观""]
k_01([""end:服务结束""])
r_01 --> a_01
a_01 --> c_01
c_01 --true--> g_01
g_01 --> s_01
s_01 --> g_02
g_02 --> s_02
s_02 --> s_05
c_01 --false--> c_02
c_02 --true--> g_03
g_03 --> s_03
s_03 --> s_05
c_02 --false--> c_03
c_03 --true--> g_04
g_04 --> s_04
s_04 --> s_05
s_05 --> k_01
",js2flow-finished,f0a34372-330f-43ce-8d1e-88527e3b7496,08-19-15-03-10
11,15:13:37,"
  currentCode :
  
  await robot.userRequest('带我参观一下');
  const answer = await robot.ask('请问想先参观什么？我计划带你参观作品展示区以及创作室');
  
  if(answer == '随意'){
      await robot.goto('作品展示区');
      await robot.speak('这里是作品展示区，我们有一台双臂机器人，它的手臂可以上下移动，并且可以360度旋转身体。');
  
      await robot.goto('创作室');
      await robot.speak('这里是创作室，我们公司目前在这里研发虚实结合的机器人测试品牌，这个平台可以满足不同家具场景下的模拟测试等等内容。');
  
  }else if(answer == '作品展示区'){
      await robot.goto('作品展示区');
      await robot.speak('这里是作品展示区，我们有一台双臂机器人，它的手臂可以上下移动，并且可以360度旋转身体。');
  
  }else if(answer == '创作室'){
      await robot.goto('创作室');
      await robot.speak('这里是创作室，我们公司目前在这里研发虚实结合的机器人测试品牌，这个平台可以满足不同家具场景下的模拟测试等等内容。');
  }
  
  await robot.speak('今天的参观到这里就结束了，欢迎下次再来哦，我先回去充电了。');
  userInput:
  无论用户想先参观哪里，机器人一定要最终带他参观完
两个地方
  ",nl2jswithContext-start,f0a34372-330f-43ce-8d1e-88527e3b7496,08-19-15-03-10
12,15:13:52,"await robot.userRequest('带我参观一下');
const answer = await robot.ask('请问想先参观什么？我计划带你参观作品展示区以及创作室');

if(answer == '随意'){
    await robot.goto('作品展示区');
    await robot.speak('这里是作品展示区，我们有一台双臂机器人，它的手臂可以上下移动，并且可以360度旋转身体。');

    await robot.goto('创作室');
    await robot.speak('这里是创作室，我们公司目前在这里研发虚实结合的机器人测试品牌，这个平台可以满足不同家具场景下的模拟测试等等内容。');

}else if(answer == '作品展示区'){
    await robot.goto('作品展示区');
    await robot.speak('这里是作品展示区，我们有一台双臂机器人，它的手臂可以上下移动，并且可以360度旋转身体。');

    await robot.goto('创作室');
    await robot.speak('这里是创作室，我们公司目前在这里研发虚实结合的机器人测试品牌，这个平台可以满足不同家具场景下的模拟测试等等内容。');
}else if(answer == '创作室'){
    await robot.goto('创作室');
    await robot.speak('这里是创作室，我们公司目前在这里研发虚实结合的机器人测试品牌，这个平台可以满足不同家具场景下的模拟测试等等内容。');

    await robot.goto('作品展示区');
    await robot.speak('这里是作品展示区，我们有一台双臂机器人，它的手臂可以上下移动，并且可以360度旋转身体。');
}

await robot.speak('今天的参观到这里就结束了，欢迎下次再来哦，我先回去充电了。');",nl2jswithContext-finished,f0a34372-330f-43ce-8d1e-88527e3b7496,08-19-15-03-10
13,15:13:53,"
  originalcode:
  
  await robot.userRequest('带我参观一下');
  const answer = await robot.ask('请问想先参观什么？我计划带你参观作品展示区以及创作室');
  
  if(answer == '随意'){
      await robot.goto('作品展示区');
      await robot.speak('这里是作品展示区，我们有一台双臂机器人，它的手臂可以上下移动，并且可以360度旋转身体。');
  
      await robot.goto('创作室');
      await robot.speak('这里是创作室，我们公司目前在这里研发虚实结合的机器人测试品牌，这个平台可以满足不同家具场景下的模拟测试等等内容。');
  
  }else if(answer == '作品展示区'){
      await robot.goto('作品展示区');
      await robot.speak('这里是作品展示区，我们有一台双臂机器人，它的手臂可以上下移动，并且可以360度旋转身体。');
  
  }else if(answer == '创作室'){
      await robot.goto('创作室');
      await robot.speak('这里是创作室，我们公司目前在这里研发虚实结合的机器人测试品牌，这个平台可以满足不同家具场景下的模拟测试等等内容。');
  }
  
  await robot.speak('今天的参观到这里就结束了，欢迎下次再来哦，我先回去充电了。');
  modifiedcode:
  await robot.userRequest('带我参观一下');
const answer = await robot.ask('请问想先参观什么？我计划带你参观作品展示区以及创作室');

if(answer == '随意'){
    await robot.goto('作品展示区');
    await robot.speak('这里是作品展示区，我们有一台双臂机器人，它的手臂可以上下移动，并且可以360度旋转身体。');

    await robot.goto('创作室');
    await robot.speak('这里是创作室，我们公司目前在这里研发虚实结合的机器人测试品牌，这个平台可以满足不同家具场景下的模拟测试等等内容。');

}else if(answer == '作品展示区'){
    await robot.goto('作品展示区');
    await robot.speak('这里是作品展示区，我们有一台双臂机器人，它的手臂可以上下移动，并且可以360度旋转身体。');

    await robot.goto('创作室');
    await robot.speak('这里是创作室，我们公司目前在这里研发虚实结合的机器人测试品牌，这个平台可以满足不同家具场景下的模拟测试等等内容。');
}else if(answer == '创作室'){
    await robot.goto('创作室');
    await robot.speak('这里是创作室，我们公司目前在这里研发虚实结合的机器人测试品牌，这个平台可以满足不同家具场景下的模拟测试等等内容。');

    await robot.goto('作品展示区');
    await robot.speak('这里是作品展示区，我们有一台双臂机器人，它的手臂可以上下移动，并且可以360度旋转身体。');
}

await robot.speak('今天的参观到这里就结束了，欢迎下次再来哦，我先回去充电了。');
  ",explainModifiedJS-start,f0a34372-330f-43ce-8d1e-88527e3b7496,08-19-15-03-10
14,15:13:59,修改后的代码在机器人行为上没有任何改变。机器人仍然会根据用户的回答选择要参观的地方，然后按照预定的顺序依次前往这些地方，并在每个地方进行介绍。最后，机器人会说一句结束语并返回充电。修改后的代码只是将“作品展示区”和“创作室”的顺序进行了调换，但这并不会对机器人的行为产生任何影响。因此，修改后的代码与原始代码的机器人行为是一致的。,explainModifiedJS-finished,f0a34372-330f-43ce-8d1e-88527e3b7496,08-19-15-03-10
15,15:13:59,"await robot.userRequest('带我参观一下');
const answer = await robot.ask('请问想先参观什么？我计划带你参观作品展示区以及创作室');

if(answer == '随意'){
    await robot.goto('作品展示区');
    await robot.speak('这里是作品展示区，我们有一台双臂机器人，它的手臂可以上下移动，并且可以360度旋转身体。');

    await robot.goto('创作室');
    await robot.speak('这里是创作室，我们公司目前在这里研发虚实结合的机器人测试品牌，这个平台可以满足不同家具场景下的模拟测试等等内容。');

}else if(answer == '作品展示区'){
    await robot.goto('作品展示区');
    await robot.speak('这里是作品展示区，我们有一台双臂机器人，它的手臂可以上下移动，并且可以360度旋转身体。');

    await robot.goto('创作室');
    await robot.speak('这里是创作室，我们公司目前在这里研发虚实结合的机器人测试品牌，这个平台可以满足不同家具场景下的模拟测试等等内容。');
}else if(answer == '创作室'){
    await robot.goto('创作室');
    await robot.speak('这里是创作室，我们公司目前在这里研发虚实结合的机器人测试品牌，这个平台可以满足不同家具场景下的模拟测试等等内容。');

    await robot.goto('作品展示区');
    await robot.speak('这里是作品展示区，我们有一台双臂机器人，它的手臂可以上下移动，并且可以360度旋转身体。');
}

await robot.speak('今天的参观到这里就结束了，欢迎下次再来哦，我先回去充电了。');",js2flow-start,f0a34372-330f-43ce-8d1e-88527e3b7496,08-19-15-03-10
16,15:14:32,"graph TB
r_01([""userRequest:带我参观一下""])
a_01[""ask:询问用户想先参观什么地方;用户回复""]
c_01{""condition: 用户回复为'随意';用户回复""}
g_01[""goto:作品展示区""]
s_01[""speak:介绍作品展示区""]
g_02[""goto:创作室""]
s_02[""speak:介绍创作室""]
c_02{""condition: 用户回复为'作品展示区';用户回复""}
g_03[""goto:作品展示区""]
s_03[""speak:介绍作品展示区""]
g_04[""goto:创作室""]
s_04[""speak:介绍创作室""]
c_03{""condition: 用户回复为'创作室';用户回复""}
g_05[""goto:创作室""]
s_05[""speak:介绍创作室""]
g_06[""goto:作品展示区""]
s_06[""speak:介绍作品展示区""]
s_07[""speak:结束参观""]
k_01([""end:服务结束""])
r_01 --> a_01
a_01 --> c_01
c_01 --true--> g_01
g_01 --> s_01
s_01 --> g_02
g_02 --> s_02
s_02 --> s_07
c_01 --false--> c_02
c_02 --true--> g_03
g_03 --> s_03
s_03 --> g_04
g_04 --> s_04
s_04 --> s_07
c_02 --false--> c_03
c_03 --true--> g_05
g_05 --> s_05
s_05 --> g_06
g_06 --> s_06
s_06 --> s_07
s_07 --> k_01
",js2flow-finished,f0a34372-330f-43ce-8d1e-88527e3b7496,08-19-15-03-10
17,15:14:54,询问用户想先参观什么地方;用户回复,nodeClick,f0a34372-330f-43ce-8d1e-88527e3b7496,08-19-15-03-10
18,15:14:54,询问用户想先参观什么地方;用户回复,nodeClick,f0a34372-330f-43ce-8d1e-88527e3b7496,08-19-15-03-10
19,15:15:03,用户回复为'随意';用户回复,nodeClick,f0a34372-330f-43ce-8d1e-88527e3b7496,08-19-15-03-10
20,15:15:11,结束参观,nodeClick,f0a34372-330f-43ce-8d1e-88527e3b7496,08-19-15-03-10
21,15:15:12,结束参观,nodeClick,f0a34372-330f-43ce-8d1e-88527e3b7496,08-19-15-03-10
22,15:15:12,结束参观,nodeClick,f0a34372-330f-43ce-8d1e-88527e3b7496,08-19-15-03-10
23,15:15:20,用户回复为'随意';用户回复,nodeClick,f0a34372-330f-43ce-8d1e-88527e3b7496,08-19-15-03-10
24,15:15:21,询问用户想先参观什么地方;用户回复,nodeClick,f0a34372-330f-43ce-8d1e-88527e3b7496,08-19-15-03-10
25,15:15:23,询问用户想先参观什么地方;用户回复,nodeClick,f0a34372-330f-43ce-8d1e-88527e3b7496,08-19-15-03-10
26,15:15:23,询问用户想先参观什么地方;用户回复,nodeClick,f0a34372-330f-43ce-8d1e-88527e3b7496,08-19-15-03-10
27,15:18:13,结束参观,nodeClick,f0a34372-330f-43ce-8d1e-88527e3b7496,08-19-15-03-10
28,15:18:16,结束参观,nodeClick,f0a34372-330f-43ce-8d1e-88527e3b7496,08-19-15-03-10
29,15:18:16,结束参观,nodeClick,f0a34372-330f-43ce-8d1e-88527e3b7496,08-19-15-03-10
30,15:18:16,"selectedNodes:
    SPEAK: 结束参观
    flow:
    graph TB
r_01([""userRequest:带我参观一下""])
a_01[""ask:询问用户想先参观什么地方;用户回复""]
c_01{""condition: 用户回复为'随意';用户回复""}
g_01[""goto:作品展示区""]
s_01[""speak:介绍作品展示区""]
g_02[""goto:创作室""]
s_02[""speak:介绍创作室""]
c_02{""condition: 用户回复为'作品展示区';用户回复""}
g_03[""goto:作品展示区""]
s_03[""speak:介绍作品展示区""]
g_04[""goto:创作室""]
s_04[""speak:介绍创作室""]
c_03{""condition: 用户回复为'创作室';用户回复""}
g_05[""goto:创作室""]
s_05[""speak:介绍创作室""]
g_06[""goto:作品展示区""]
s_06[""speak:介绍作品展示区""]
s_07[""speak:结束参观""]
k_01([""end:服务结束""])
r_01 --> a_01
a_01 --> c_01
c_01 --true--> g_01
g_01 --> s_01
s_01 --> g_02
g_02 --> s_02
s_02 --> s_07
c_01 --false--> c_02
c_02 --true--> g_03
g_03 --> s_03
s_03 --> g_04
g_04 --> s_04
s_04 --> s_07
c_02 --false--> c_03
c_03 --true--> g_05
g_05 --> s_05
s_05 --> g_06
g_06 --> s_06
s_06 --> s_07
s_07 --> k_01

    jscode:
    await robot.userRequest('带我参观一下');
const answer = await robot.ask('请问想先参观什么？我计划带你参观作品展示区以及创作室');

if(answer == '随意'){
    await robot.goto('作品展示区');
    await robot.speak('这里是作品展示区，我们有一台双臂机器人，它的手臂可以上下移动，并且可以360度旋转身体。');

    await robot.goto('创作室');
    await robot.speak('这里是创作室，我们公司目前在这里研发虚实结合的机器人测试品牌，这个平台可以满足不同家具场景下的模拟测试等等内容。');

}else if(answer == '作品展示区'){
    await robot.goto('作品展示区');
    await robot.speak('这里是作品展示区，我们有一台双臂机器人，它的手臂可以上下移动，并且可以360度旋转身体。');

    await robot.goto('创作室');
    await robot.speak('这里是创作室，我们公司目前在这里研发虚实结合的机器人测试品牌，这个平台可以满足不同家具场景下的模拟测试等等内容。');
}else if(answer == '创作室'){
    await robot.goto('创作室');
    await robot.speak('这里是创作室，我们公司目前在这里研发虚实结合的机器人测试品牌，这个平台可以满足不同家具场景下的模拟测试等等内容。');

    await robot.goto('作品展示区');
    await robot.speak('这里是作品展示区，我们有一台双臂机器人，它的手臂可以上下移动，并且可以360度旋转身体。');
}

await robot.speak('今天的参观到这里就结束了，欢迎下次再来哦，我先回去充电了。');
    ",magicModify-start,f0a34372-330f-43ce-8d1e-88527e3b7496,08-19-15-03-10
31,15:18:20,"你所选中的节点包括：""speak:结束参观"" 

在整个服务中的作用是在参观结束时向用户发出结束参观的语音信息。

你可以进一步询问我关于这个节点的信息，我会给你提供更多的信息。或者你可以让我直接修改这个节点的行为。或者结束节点调试。",magicModify-finished,f0a34372-330f-43ce-8d1e-88527e3b7496,08-19-15-03-10
32,15:18:37,"selectedNodes:
    SPEAK: 结束参观
    flow:
    graph TB
r_01([""userRequest:带我参观一下""])
a_01[""ask:询问用户想先参观什么地方;用户回复""]
c_01{""condition: 用户回复为'随意';用户回复""}
g_01[""goto:作品展示区""]
s_01[""speak:介绍作品展示区""]
g_02[""goto:创作室""]
s_02[""speak:介绍创作室""]
c_02{""condition: 用户回复为'作品展示区';用户回复""}
g_03[""goto:作品展示区""]
s_03[""speak:介绍作品展示区""]
g_04[""goto:创作室""]
s_04[""speak:介绍创作室""]
c_03{""condition: 用户回复为'创作室';用户回复""}
g_05[""goto:创作室""]
s_05[""speak:介绍创作室""]
g_06[""goto:作品展示区""]
s_06[""speak:介绍作品展示区""]
s_07[""speak:结束参观""]
k_01([""end:服务结束""])
r_01 --> a_01
a_01 --> c_01
c_01 --true--> g_01
g_01 --> s_01
s_01 --> g_02
g_02 --> s_02
s_02 --> s_07
c_01 --false--> c_02
c_02 --true--> g_03
g_03 --> s_03
s_03 --> g_04
g_04 --> s_04
s_04 --> s_07
c_02 --false--> c_03
c_03 --true--> g_05
g_05 --> s_05
s_05 --> g_06
g_06 --> s_06
s_06 --> s_07
s_07 --> k_01

    jscode:
    await robot.userRequest('带我参观一下');
const answer = await robot.ask('请问想先参观什么？我计划带你参观作品展示区以及创作室');

if(answer == '随意'){
    await robot.goto('作品展示区');
    await robot.speak('这里是作品展示区，我们有一台双臂机器人，它的手臂可以上下移动，并且可以360度旋转身体。');

    await robot.goto('创作室');
    await robot.speak('这里是创作室，我们公司目前在这里研发虚实结合的机器人测试品牌，这个平台可以满足不同家具场景下的模拟测试等等内容。');

}else if(answer == '作品展示区'){
    await robot.goto('作品展示区');
    await robot.speak('这里是作品展示区，我们有一台双臂机器人，它的手臂可以上下移动，并且可以360度旋转身体。');

    await robot.goto('创作室');
    await robot.speak('这里是创作室，我们公司目前在这里研发虚实结合的机器人测试品牌，这个平台可以满足不同家具场景下的模拟测试等等内容。');
}else if(answer == '创作室'){
    await robot.goto('创作室');
    await robot.speak('这里是创作室，我们公司目前在这里研发虚实结合的机器人测试品牌，这个平台可以满足不同家具场景下的模拟测试等等内容。');

    await robot.goto('作品展示区');
    await robot.speak('这里是作品展示区，我们有一台双臂机器人，它的手臂可以上下移动，并且可以360度旋转身体。');
}

await robot.speak('今天的参观到这里就结束了，欢迎下次再来哦，我先回去充电了。');
    ",magicModifyPhase-start,f0a34372-330f-43ce-8d1e-88527e3b7496,08-19-15-03-10
33,15:18:47,"<explain> ""SPEAK: 结束参观"" 这个节点在流程图中表示机器人在完成所有的参观流程后，会说出的一句话。在对应的JavaScript代码中，这句话是 ""今天的参观到这里就结束了，欢迎下次再来哦，我先回去充电了。""。这是机器人结束参观服务的最后一句话。 </explain>",magicModifyPhase-finished,f0a34372-330f-43ce-8d1e-88527e3b7496,08-19-15-03-10
34,15:19:28,创作室,nodeClick,f0a34372-330f-43ce-8d1e-88527e3b7496,08-19-15-03-10
35,15:19:28,介绍创作室,nodeClick,f0a34372-330f-43ce-8d1e-88527e3b7496,08-19-15-03-10
36,15:19:29,用户回复为'创作室';用户回复,nodeClick,f0a34372-330f-43ce-8d1e-88527e3b7496,08-19-15-03-10
37,15:19:30,用户回复为'作品展示区';用户回复,nodeClick,f0a34372-330f-43ce-8d1e-88527e3b7496,08-19-15-03-10
38,15:19:32,用户回复为'随意';用户回复,nodeClick,f0a34372-330f-43ce-8d1e-88527e3b7496,08-19-15-03-10
39,15:21:05,"selectedNodes:
    SPEAK: 结束参观
    flow:
    graph TB
r_01([""userRequest:带我参观一下""])
a_01[""ask:询问用户想先参观什么地方;用户回复""]
c_01{""condition: 用户回复为'随意';用户回复""}
g_01[""goto:作品展示区""]
s_01[""speak:介绍作品展示区""]
g_02[""goto:创作室""]
s_02[""speak:介绍创作室""]
c_02{""condition: 用户回复为'作品展示区';用户回复""}
g_03[""goto:作品展示区""]
s_03[""speak:介绍作品展示区""]
g_04[""goto:创作室""]
s_04[""speak:介绍创作室""]
c_03{""condition: 用户回复为'创作室';用户回复""}
g_05[""goto:创作室""]
s_05[""speak:介绍创作室""]
g_06[""goto:作品展示区""]
s_06[""speak:介绍作品展示区""]
s_07[""speak:结束参观""]
k_01([""end:服务结束""])
r_01 --> a_01
a_01 --> c_01
c_01 --true--> g_01
g_01 --> s_01
s_01 --> g_02
g_02 --> s_02
s_02 --> s_07
c_01 --false--> c_02
c_02 --true--> g_03
g_03 --> s_03
s_03 --> g_04
g_04 --> s_04
s_04 --> s_07
c_02 --false--> c_03
c_03 --true--> g_05
g_05 --> s_05
s_05 --> g_06
g_06 --> s_06
s_06 --> s_07
s_07 --> k_01

    jscode:
    await robot.userRequest('带我参观一下');
const answer = await robot.ask('请问想先参观什么？我计划带你参观作品展示区以及创作室');

if(answer == '随意'){
    await robot.goto('作品展示区');
    await robot.speak('这里是作品展示区，我们有一台双臂机器人，它的手臂可以上下移动，并且可以360度旋转身体。');

    await robot.goto('创作室');
    await robot.speak('这里是创作室，我们公司目前在这里研发虚实结合的机器人测试品牌，这个平台可以满足不同家具场景下的模拟测试等等内容。');

}else if(answer == '作品展示区'){
    await robot.goto('作品展示区');
    await robot.speak('这里是作品展示区，我们有一台双臂机器人，它的手臂可以上下移动，并且可以360度旋转身体。');

    await robot.goto('创作室');
    await robot.speak('这里是创作室，我们公司目前在这里研发虚实结合的机器人测试品牌，这个平台可以满足不同家具场景下的模拟测试等等内容。');
}else if(answer == '创作室'){
    await robot.goto('创作室');
    await robot.speak('这里是创作室，我们公司目前在这里研发虚实结合的机器人测试品牌，这个平台可以满足不同家具场景下的模拟测试等等内容。');

    await robot.goto('作品展示区');
    await robot.speak('这里是作品展示区，我们有一台双臂机器人，它的手臂可以上下移动，并且可以360度旋转身体。');
}

await robot.speak('今天的参观到这里就结束了，欢迎下次再来哦，我先回去充电了。');
    ",magicModifyPhase-start,f0a34372-330f-43ce-8d1e-88527e3b7496,08-19-15-03-10
40,15:21:14,介绍创作室,nodeClick,f0a34372-330f-43ce-8d1e-88527e3b7496,08-19-15-03-10
41,15:21:53,结束参观,nodeClick,f0a34372-330f-43ce-8d1e-88527e3b7496,08-19-15-03-10
42,15:21:54,介绍作品展示区,nodeClick,f0a34372-330f-43ce-8d1e-88527e3b7496,08-19-15-03-10
43,15:21:56,作品展示区,nodeClick,f0a34372-330f-43ce-8d1e-88527e3b7496,08-19-15-03-10
44,15:21:56,介绍创作室,nodeClick,f0a34372-330f-43ce-8d1e-88527e3b7496,08-19-15-03-10
45,15:21:57,"<code>
await robot.userRequest('带我参观一下');
const answer = await robot.ask('请问想先参观什么？我计划带你参观作品展示区以及创作室');

if(answer == '随意'){
    await robot.goto('作品展示区');
    await robot.speak('这里是作品展示区，我们有一台双臂机器人，它的手臂可以上下移动，并且可以360度旋转身体。');

    await robot.goto('创作室');
    await robot.speak('这里是创作室，我们公司目前在这里研发虚实结合的机器人测试平台，这个平台可以满足不同家居场景下的模拟测试，我们的团队正在努力开发更多的功能，以满足更多的需求。');

}else if(answer == '作品展示区'){
    await robot.goto('作品展示区');
    await robot.speak('这里是作品展示区，我们有一台双臂机器人，它的手臂可以上下移动，并且可以360度旋转身体。');

    await robot.goto('创作室');
    await robot.speak('这里是创作室，我们公司目前在这里研发虚实结合的机器人测试平台，这个平台可以满足不同家居场景下的模拟测试，我们的团队正在努力开发更多的功能，以满足更多的需求。');
}else if(answer == '创作室'){
    await robot.goto('创作室');
    await robot.speak('这里是创作室，我们公司目前在这里研发虚实结合的机器人测试平台，这个平台可以满足不同家居场景下的模拟测试，我们的团队正在努力开发更多的功能，以满足更多的需求。');

    await robot.goto('作品展示区');
    await robot.speak('这里是作品展示区，我们有一台双臂机器人，它的手臂可以上下移动，并且可以360度旋转身体。');
}

await robot.speak('今天的参观到这里就结束了，欢迎下次再来哦，我先回去充电了。');
</code>

<description>
在原有的创作室介绍中，增加了""我们的团队正在努力开发更多的功能，以满足更多的需求。""这句话，使得介绍内容更加丰富和详细。
</description>",magicModifyPhase-finished,f0a34372-330f-43ce-8d1e-88527e3b7496,08-19-15-03-10
46,15:21:57,创作室,nodeClick,f0a34372-330f-43ce-8d1e-88527e3b7496,08-19-15-03-10
47,15:21:58,"
await robot.userRequest('带我参观一下');
const answer = await robot.ask('请问想先参观什么？我计划带你参观作品展示区以及创作室');

if(answer == '随意'){
    await robot.goto('作品展示区');
    await robot.speak('这里是作品展示区，我们有一台双臂机器人，它的手臂可以上下移动，并且可以360度旋转身体。');

    await robot.goto('创作室');
    await robot.speak('这里是创作室，我们公司目前在这里研发虚实结合的机器人测试平台，这个平台可以满足不同家居场景下的模拟测试，我们的团队正在努力开发更多的功能，以满足更多的需求。');

}else if(answer == '作品展示区'){
    await robot.goto('作品展示区');
    await robot.speak('这里是作品展示区，我们有一台双臂机器人，它的手臂可以上下移动，并且可以360度旋转身体。');

    await robot.goto('创作室');
    await robot.speak('这里是创作室，我们公司目前在这里研发虚实结合的机器人测试平台，这个平台可以满足不同家居场景下的模拟测试，我们的团队正在努力开发更多的功能，以满足更多的需求。');
}else if(answer == '创作室'){
    await robot.goto('创作室');
    await robot.speak('这里是创作室，我们公司目前在这里研发虚实结合的机器人测试平台，这个平台可以满足不同家居场景下的模拟测试，我们的团队正在努力开发更多的功能，以满足更多的需求。');

    await robot.goto('作品展示区');
    await robot.speak('这里是作品展示区，我们有一台双臂机器人，它的手臂可以上下移动，并且可以360度旋转身体。');
}

await robot.speak('今天的参观到这里就结束了，欢迎下次再来哦，我先回去充电了。');
",js2flow-start,f0a34372-330f-43ce-8d1e-88527e3b7496,08-19-15-03-10
48,15:22:04,作品展示区,nodeClick,f0a34372-330f-43ce-8d1e-88527e3b7496,08-19-15-03-10
49,15:22:32,"
graph TB
r_01([""userRequest:带我参观一下""])
a_01[""ask:询问用户想先参观什么地方;用户回复""]
c_01{""condition: 用户回复为'随意';用户回复""}
g_01[""goto:作品展示区""]
s_01[""speak:介绍作品展示区""]
g_02[""goto:创作室""]
s_02[""speak:介绍创作室""]
c_02{""condition: 用户回复为'作品展示区';用户回复""}
g_03[""goto:作品展示区""]
s_03[""speak:介绍作品展示区""]
g_04[""goto:创作室""]
s_04[""speak:介绍创作室""]
c_03{""condition: 用户回复为'创作室';用户回复""}
g_05[""goto:创作室""]
s_05[""speak:介绍创作室""]
g_06[""goto:作品展示区""]
s_06[""speak:介绍作品展示区""]
s_07[""speak:结束参观""]
k_01([""end:服务结束""])
r_01 --> a_01
a_01 --> c_01
c_01 --true--> g_01
g_01 --> s_01
s_01 --> g_02
g_02 --> s_02
s_02 --> s_07
c_01 --false--> c_02
c_02 --true--> g_03
g_03 --> s_03
s_03 --> g_04
g_04 --> s_04
s_04 --> s_07
c_02 --false--> c_03
c_03 --true--> g_05
g_05 --> s_05
s_05 --> g_06
g_06 --> s_06
s_06 --> s_07
s_07 --> k_01
",js2flow-finished,f0a34372-330f-43ce-8d1e-88527e3b7496,08-19-15-03-10
50,15:22:39,作品展示区,nodeClick,f0a34372-330f-43ce-8d1e-88527e3b7496,08-19-15-03-10
51,15:22:40,介绍创作室,nodeClick,f0a34372-330f-43ce-8d1e-88527e3b7496,08-19-15-03-10
52,15:22:44,"selectedNodes:
    SPEAK: 介绍创作室
    flow:
    
graph TB
r_01([""userRequest:带我参观一下""])
a_01[""ask:询问用户想先参观什么地方;用户回复""]
c_01{""condition: 用户回复为'随意';用户回复""}
g_01[""goto:作品展示区""]
s_01[""speak:介绍作品展示区""]
g_02[""goto:创作室""]
s_02[""speak:介绍创作室""]
c_02{""condition: 用户回复为'作品展示区';用户回复""}
g_03[""goto:作品展示区""]
s_03[""speak:介绍作品展示区""]
g_04[""goto:创作室""]
s_04[""speak:介绍创作室""]
c_03{""condition: 用户回复为'创作室';用户回复""}
g_05[""goto:创作室""]
s_05[""speak:介绍创作室""]
g_06[""goto:作品展示区""]
s_06[""speak:介绍作品展示区""]
s_07[""speak:结束参观""]
k_01([""end:服务结束""])
r_01 --> a_01
a_01 --> c_01
c_01 --true--> g_01
g_01 --> s_01
s_01 --> g_02
g_02 --> s_02
s_02 --> s_07
c_01 --false--> c_02
c_02 --true--> g_03
g_03 --> s_03
s_03 --> g_04
g_04 --> s_04
s_04 --> s_07
c_02 --false--> c_03
c_03 --true--> g_05
g_05 --> s_05
s_05 --> g_06
g_06 --> s_06
s_06 --> s_07
s_07 --> k_01

    jscode:
    
await robot.userRequest('带我参观一下');
const answer = await robot.ask('请问想先参观什么？我计划带你参观作品展示区以及创作室');

if(answer == '随意'){
    await robot.goto('作品展示区');
    await robot.speak('这里是作品展示区，我们有一台双臂机器人，它的手臂可以上下移动，并且可以360度旋转身体。');

    await robot.goto('创作室');
    await robot.speak('这里是创作室，我们公司目前在这里研发虚实结合的机器人测试平台，这个平台可以满足不同家居场景下的模拟测试，我们的团队正在努力开发更多的功能，以满足更多的需求。');

}else if(answer == '作品展示区'){
    await robot.goto('作品展示区');
    await robot.speak('这里是作品展示区，我们有一台双臂机器人，它的手臂可以上下移动，并且可以360度旋转身体。');

    await robot.goto('创作室');
    await robot.speak('这里是创作室，我们公司目前在这里研发虚实结合的机器人测试平台，这个平台可以满足不同家居场景下的模拟测试，我们的团队正在努力开发更多的功能，以满足更多的需求。');
}else if(answer == '创作室'){
    await robot.goto('创作室');
    await robot.speak('这里是创作室，我们公司目前在这里研发虚实结合的机器人测试平台，这个平台可以满足不同家居场景下的模拟测试，我们的团队正在努力开发更多的功能，以满足更多的需求。');

    await robot.goto('作品展示区');
    await robot.speak('这里是作品展示区，我们有一台双臂机器人，它的手臂可以上下移动，并且可以360度旋转身体。');
}

await robot.speak('今天的参观到这里就结束了，欢迎下次再来哦，我先回去充电了。');

    ",magicModify-start,f0a34372-330f-43ce-8d1e-88527e3b7496,08-19-15-03-10
53,15:22:50,"你所选中的节点包括：""speak:介绍创作室"" 

在整个服务中的作用是在用户选择参观创作室时，机器人会向用户介绍创作室的相关信息。具体的语音信息是""这里是创作室，我们公司目前在这里研发虚实结合的机器人测试平台，这个平台可以满足不同家居场景下的模拟测试，我们的团队正在努力开发更多的功能，以满足更多的需求。""。

你可以进一步询问我关于这个节点的信息，我会给你提供更多的信息。或者你可以让我直接修改这个节点的行为。或者结束节点调试。",magicModify-finished,f0a34372-330f-43ce-8d1e-88527e3b7496,08-19-15-03-10
,,,,,
,,,,,
