time,content,type,sessionID,createdAt
15:43:53,start a new session,start,2e30cb20-206a-4434-b6fd-00a97816618a,08-21-15-43-53
15:45:56,我的机器人个性化服务定制需求：导引服务，需求：1.支持员工录入访客信息，包括访客姓名和地点2. 带领访客到指定地点3. 考虑是未知的访客时，机器人处理情况4. 导引对方到指定位置,authoringNEW-start,2e30cb20-206a-4434-b6fd-00a97816618a,08-21-15-43-53
15:46:00,"<require>
1. 支持员工录入访客信息，包括访客姓名和地点
2. 带领访客到指定地点
3. 考虑是未知的访客时，机器人处理情况
4. 导引对方到指定位置
</require>",authoring-finished,2e30cb20-206a-4434-b6fd-00a97816618a,08-21-15-43-53
15:46:03,我的机器人个性化服务定制需求：导引服务，需求：1.支持员工录入访客信息，包括访客姓名和地点2. 带领访客到指定地点3. 考虑是未知的访客时，机器人处理情况4. 导引对方到指定位置,authoringNEW-start,2e30cb20-206a-4434-b6fd-00a97816618a,08-21-15-43-53
15:46:04,<end>完成</end>,authoring-finished,2e30cb20-206a-4434-b6fd-00a97816618a,08-21-15-43-53
15:46:04,"
        实现一个的服务，该服务需要满足以下需求：
1. 支持员工录入访客信息，包括访客姓名和地点
2. 带领访客到指定地点
3. 考虑是未知的访客时，机器人处理情况
4. 导引对方到指定位置

        ",nl2js-start,2e30cb20-206a-4434-b6fd-00a97816618a,08-21-15-43-53
15:46:11,"
  let visitorName;
  let visitorLocation;
  
  await robot.userRequest('访客服务');
  
  visitorName = await robot.ask('请问访客的姓名是什么？');
  visitorLocation = await robot.ask('请问访客要去哪个地点？');
  
  await robot.speak('好的，让我带领' + visitorName + '去' + visitorLocation);
  
  if(visitorName === '未知'){
      await robot.speak('对不起，我无法处理未知访客，请您亲自接待');
  }else{
      await robot.goto(visitorLocation);
      await robot.speak(visitorName + '，这里是' + visitorLocation + '，请跟我来');
  }",nl2js-finished,2e30cb20-206a-4434-b6fd-00a97816618a,08-21-15-43-53
15:46:11,"
  let visitorName;
  let visitorLocation;
  
  await robot.userRequest('访客服务');
  
  visitorName = await robot.ask('请问访客的姓名是什么？');
  visitorLocation = await robot.ask('请问访客要去哪个地点？');
  
  await robot.speak('好的，让我带领' + visitorName + '去' + visitorLocation);
  
  if(visitorName === '未知'){
      await robot.speak('对不起，我无法处理未知访客，请您亲自接待');
  }else{
      await robot.goto(visitorLocation);
      await robot.speak(visitorName + '，这里是' + visitorLocation + '，请跟我来');
  }",js2NLexplain-start,2e30cb20-206a-4434-b6fd-00a97816618a,08-21-15-43-53
15:46:19,"服务启动关键词：访客服务
服务流程：
1. 机器人首先接收到用户要进行访客服务的请求。
2. 机器人会问用户访客的姓名是什么。
3. 得到用户的回答后，机器人会问用户访客要去哪个地点。
4. 得到用户的回答后，机器人会告诉用户“好的，让我带领[访客姓名]去[访客要去的地点]”。
5. 如果访客的姓名是""未知""，机器人会告诉用户“对不起，我无法处理未知访客，请您亲自接待”。
6. 否则，机器人会去访客要去的地点，并告诉访客“[访客姓名]，这里是[访客要去的地点]，请跟我来”。
7. 最后，机器人会结束服务。",js2NLexplain-finished,2e30cb20-206a-4434-b6fd-00a97816618a,08-21-15-43-53
15:46:19,"
  let visitorName;
  let visitorLocation;
  
  await robot.userRequest('访客服务');
  
  visitorName = await robot.ask('请问访客的姓名是什么？');
  visitorLocation = await robot.ask('请问访客要去哪个地点？');
  
  await robot.speak('好的，让我带领' + visitorName + '去' + visitorLocation);
  
  if(visitorName === '未知'){
      await robot.speak('对不起，我无法处理未知访客，请您亲自接待');
  }else{
      await robot.goto(visitorLocation);
      await robot.speak(visitorName + '，这里是' + visitorLocation + '，请跟我来');
  }",js2flow-start,2e30cb20-206a-4434-b6fd-00a97816618a,08-21-15-43-53
15:46:54,"
graph TB
r_01([""userRequest:访客服务""])
id_01[""infoDeclare:访客姓名""]
id_02[""infoDeclare:访客地点""]
a_01[""ask:询问访客姓名;访客姓名""]
a_02[""ask:询问访客要去的地点;访客地点""]
s_01[""speak:告知将带领访客去指定地点;访客姓名;访客地点""]
c_01{""condition: 判断访客姓名是否为未知;访客姓名""}
s_02[""speak:告知无法处理未知访客""]
g_01[""goto:访客地点""]
s_03[""speak:告知访客已到达指定地点并引导访客;访客姓名;访客地点""]
k_01([""end:服务结束""])
r_01 --> id_01
id_01 --> id_02
id_02 --> a_01
a_01 --> a_02
a_02 --> s_01
s_01 --> c_01
c_01 --true--> s_02
s_02 --> k_01
c_01 --false--> g_01
g_01 --> s_03
s_03 --> k_01
",js2flow-finished,2e30cb20-206a-4434-b6fd-00a97816618a,08-21-15-43-53
15:50:25,访客姓名,nodeClick,2e30cb20-206a-4434-b6fd-00a97816618a,08-21-15-43-53
15:50:28,访客姓名,nodeClick,2e30cb20-206a-4434-b6fd-00a97816618a,08-21-15-43-53
15:50:29,访客姓名,nodeClick,2e30cb20-206a-4434-b6fd-00a97816618a,08-21-15-43-53
15:50:36,访客地点,nodeClick,2e30cb20-206a-4434-b6fd-00a97816618a,08-21-15-43-53
15:50:37,访客姓名,nodeClick,2e30cb20-206a-4434-b6fd-00a97816618a,08-21-15-43-53
15:50:38,询问访客姓名;访客姓名,nodeClick,2e30cb20-206a-4434-b6fd-00a97816618a,08-21-15-43-53
15:50:43,询问访客要去的地点;访客地点,nodeClick,2e30cb20-206a-4434-b6fd-00a97816618a,08-21-15-43-53
15:50:44,询问访客姓名;访客姓名,nodeClick,2e30cb20-206a-4434-b6fd-00a97816618a,08-21-15-43-53
15:50:45,询问访客姓名;访客姓名,nodeClick,2e30cb20-206a-4434-b6fd-00a97816618a,08-21-15-43-53
15:52:45,IF,newNodeAdd,2e30cb20-206a-4434-b6fd-00a97816618a,08-21-15-43-53
15:52:55,询问访客姓名;访客姓名,nodeClick,2e30cb20-206a-4434-b6fd-00a97816618a,08-21-15-43-53
15:53:09,自动布局,AutoLayout,2e30cb20-206a-4434-b6fd-00a97816618a,08-21-15-43-53
15:53:12,告知将带领访客去指定地点;访客姓名;访客地点,nodeClick,2e30cb20-206a-4434-b6fd-00a97816618a,08-21-15-43-53
15:53:24,告知将带领访客去指定地点;访客姓名;访客地点,nodeClick,2e30cb20-206a-4434-b6fd-00a97816618a,08-21-15-43-53
15:53:24,告知将带领访客去指定地点;访客姓名;访客地点,nodeClick,2e30cb20-206a-4434-b6fd-00a97816618a,08-21-15-43-53
15:53:35,ASK,newNodeAdd,2e30cb20-206a-4434-b6fd-00a97816618a,08-21-15-43-53
15:53:54,询问,nodeClick,2e30cb20-206a-4434-b6fd-00a97816618a,08-21-15-43-53
15:53:54,询问,nodeClick,2e30cb20-206a-4434-b6fd-00a97816618a,08-21-15-43-53
15:54:25,判断访客姓名是否为未知;访客姓名,nodeClick,2e30cb20-206a-4434-b6fd-00a97816618a,08-21-15-43-53
15:54:39,自动布局,AutoLayout,2e30cb20-206a-4434-b6fd-00a97816618a,08-21-15-43-53
15:54:48,判断访客姓名是否为未知;访客姓名,nodeClick,2e30cb20-206a-4434-b6fd-00a97816618a,08-21-15-43-53
15:54:55,判断访客姓名是否为未知;访客姓名,nodeClick,2e30cb20-206a-4434-b6fd-00a97816618a,08-21-15-43-53
15:54:56,判断访客姓名是否为未知;访客姓名,nodeClick,2e30cb20-206a-4434-b6fd-00a97816618a,08-21-15-43-53
15:55:03,询问访客要去的地点;访客地点,nodeClick,2e30cb20-206a-4434-b6fd-00a97816618a,08-21-15-43-53
